author,science_comments,denial_comments,total_comments,sci_ratio,bridge_type
@brucefrykman8295,20,59,79,0.25316455696202533,denial-leaning
@RodMartinJr,8,69,77,0.1038961038961039,denial-leaning
@HealingLifeKwikly,26,42,68,0.38235294117647056,balanced
@ricktd6891,57,8,65,0.8769230769230769,science-leaning
@rakooi,1,55,56,0.017857142857142856,denial-leaning
@AmericatheBeautiful-p4z,17,39,56,0.30357142857142855,balanced
@mrunning10,7,47,54,0.12962962962962962,denial-leaning
@swiftlytiltingplanet8481,8,45,53,0.1509433962264151,denial-leaning
@lrvogt1257,23,23,46,0.5,balanced
@boffeycn,25,17,42,0.5952380952380952,balanced
@stevewilson4321,1,40,41,0.024390243902439025,denial-leaning
@enderwiggin1113,6,34,40,0.15,denial-leaning
@hosnimubarak8869,17,21,38,0.4473684210526316,balanced
@superstormthunder3,21,15,36,0.5833333333333334,balanced
@anthonymorris5084,12,21,33,0.36363636363636365,balanced
@JJRM8,5,28,33,0.15151515151515152,denial-leaning
@Desertphile,6,27,33,0.18181818181818182,denial-leaning
@scottekoontz,27,6,33,0.8181818181818182,science-leaning
@spacescatatford,26,6,32,0.8125,science-leaning
@maxsordi,14,16,30,0.4666666666666667,balanced
@rps1689,7,23,30,0.23333333333333334,denial-leaning
@Jc-ms5vv,10,19,29,0.3448275862068966,balanced
@hanshansen3885,12,17,29,0.41379310344827586,balanced
@oldineamiller9007,13,15,28,0.4642857142857143,balanced
@peterjones4180,26,1,27,0.9629629629629629,science-leaning
@SigFigNewton,14,12,26,0.5384615384615384,balanced
@drkstrong,15,11,26,0.5769230769230769,balanced
@woodchipgardens9084,4,22,26,0.15384615384615385,denial-leaning
@RobertMJohnson,14,11,25,0.56,balanced
@simon6071,4,21,25,0.16,denial-leaning
@1000frolly,16,9,25,0.64,balanced
@reuireuiop0,15,9,24,0.625,balanced
@C_R_O_M________,1,23,24,0.041666666666666664,denial-leaning
@boogathon,2,22,24,0.08333333333333333,denial-leaning
@garysarela4431,10,13,23,0.43478260869565216,balanced
@AtlasPro1,1,22,23,0.043478260869565216,denial-leaning
@fredneecher1746,11,12,23,0.4782608695652174,balanced
@kayakMike1000,3,19,22,0.13636363636363635,denial-leaning
@TerraPotentia,4,18,22,0.18181818181818182,denial-leaning
@danzel1157,2,20,22,0.09090909090909091,denial-leaning
@TruthWizardX,19,3,22,0.8636363636363636,science-leaning
@RichardTavilla,7,15,22,0.3181818181818182,balanced
@CH-et4go,7,14,21,0.3333333333333333,balanced
@ClimateDN,8,13,21,0.38095238095238093,balanced
@jimthain8777,7,14,21,0.3333333333333333,balanced
@ceeemm1901,8,13,21,0.38095238095238093,balanced
@pshehan1,1,20,21,0.047619047619047616,denial-leaning
@kimlibera663,6,15,21,0.2857142857142857,denial-leaning
@lorenzoblum868,15,6,21,0.7142857142857143,science-leaning
@albertjackinson,4,16,20,0.2,denial-leaning
@thomasmaughan4798,10,10,20,0.5,balanced
@geraldfrost4710,9,11,20,0.45,balanced
@klokoloko2114,11,9,20,0.55,balanced
@Proemed44G,1,18,19,0.05263157894736842,denial-leaning
@bartroberts1514,5,13,18,0.2777777777777778,denial-leaning
@wheel-man5319,2,16,18,0.1111111111111111,denial-leaning
@R-A-Clark,1,16,17,0.058823529411764705,denial-leaning
@bobbobby3085,1,16,17,0.058823529411764705,denial-leaning
@BrentonSmythesfieldsaye,5,12,17,0.29411764705882354,denial-leaning
@eattherich1793,1,16,17,0.058823529411764705,denial-leaning
@climatecraze,12,5,17,0.7058823529411765,science-leaning
@petewright4640,5,12,17,0.29411764705882354,denial-leaning
@kimweaver3323,5,11,16,0.3125,balanced
@EmeraldView,15,1,16,0.9375,science-leaning
@williamschlosser,3,12,15,0.2,denial-leaning
@mve6182,4,11,15,0.26666666666666666,denial-leaning
@jamespyke6764,7,8,15,0.4666666666666667,balanced
@etienne8110,11,4,15,0.7333333333333333,science-leaning
@besmart,8,7,15,0.5333333333333333,balanced
@WadcaWymiaru,7,8,15,0.4666666666666667,balanced
@ge556,5,10,15,0.3333333333333333,balanced
@andrewcheadle948,11,4,15,0.7333333333333333,science-leaning
@altrag,2,13,15,0.13333333333333333,denial-leaning
@TheConstitutionFirst,14,1,15,0.9333333333333333,science-leaning
@johngeier8692,1,13,14,0.07142857142857142,denial-leaning
@vhawk1951kl,5,9,14,0.35714285714285715,balanced
@glidercoach,7,7,14,0.5,balanced
@liner011f7,5,9,14,0.35714285714285715,balanced
@samlair3342,10,4,14,0.7142857142857143,science-leaning
@will7its,2,12,14,0.14285714285714285,denial-leaning
@LuxDiscendi,4,10,14,0.2857142857142857,denial-leaning
@kmoses582,4,10,14,0.2857142857142857,denial-leaning
@hg6996,2,12,14,0.14285714285714285,denial-leaning
@dongaetano3687,5,8,13,0.38461538461538464,balanced
@terenceiutzi4003,7,6,13,0.5384615384615384,balanced
@douglasengle2704,6,7,13,0.46153846153846156,balanced
@Emppu_T.,9,4,13,0.6923076923076923,balanced
@BillyTheKidCENTURION,3,10,13,0.23076923076923078,denial-leaning
@pilafmon,1,12,13,0.07692307692307693,denial-leaning
@peterh5165,7,6,13,0.5384615384615384,balanced
@peternagel-er7ly,1,12,13,0.07692307692307693,denial-leaning
@nae-nae-99,4,9,13,0.3076923076923077,balanced
@Cambyses1467,8,5,13,0.6153846153846154,balanced
@Tequima,10,3,13,0.7692307692307693,science-leaning
@biggav7434,9,4,13,0.6923076923076923,balanced
@bighands69,6,7,13,0.46153846153846156,balanced
@ConfidentlyUninformed,5,7,12,0.4166666666666667,balanced
@thebritishbookworm2649,1,11,12,0.08333333333333333,denial-leaning
@oldgoat142,4,8,12,0.3333333333333333,balanced
@spillarge,7,5,12,0.5833333333333334,balanced
@penguinuprighter6231,6,6,12,0.5,balanced
@trader2137,1,11,12,0.08333333333333333,denial-leaning
@budbud2509,3,9,12,0.25,denial-leaning
@dasGagaTier,2,10,12,0.16666666666666666,denial-leaning
@danilooliveira6580,1,11,12,0.08333333333333333,denial-leaning
@yasi4877,4,7,11,0.36363636363636365,balanced
@jamisojo,1,10,11,0.09090909090909091,denial-leaning
@miked5106,4,7,11,0.36363636363636365,balanced
@stevem8318,8,3,11,0.7272727272727273,science-leaning
@billymcnomates7764,10,1,11,0.9090909090909091,science-leaning
@Thomas-gk42,1,10,11,0.09090909090909091,denial-leaning
@DrachenGothik666,1,10,11,0.09090909090909091,denial-leaning
@manoo422,6,5,11,0.5454545454545454,balanced
@Cspacecat,6,5,11,0.5454545454545454,balanced
@SteveSmith-fh6br,1,10,11,0.09090909090909091,denial-leaning
@christinearmington,10,1,11,0.9090909090909091,science-leaning
@decimusrex92,10,1,11,0.9090909090909091,science-leaning
@Ironic1950,3,7,10,0.3,balanced
@MaximeNoël-c7j,4,6,10,0.4,balanced
@andydunn5673,1,9,10,0.1,denial-leaning
@johnsergei,3,7,10,0.3,balanced
@billyjoesmo8251,9,1,10,0.9,science-leaning
@chrishaven1489,8,2,10,0.8,science-leaning
@joemonroe9456,2,8,10,0.2,denial-leaning
@abloogywoogywoo,2,8,10,0.2,denial-leaning
@someguy2135,7,3,10,0.7,balanced
@RussCR5187,1,9,10,0.1,denial-leaning
@karolinahagegard,8,2,10,0.8,science-leaning
@OldScientist,5,5,10,0.5,balanced
@nenmaster5218,4,6,10,0.4,balanced
@nyali2,4,6,10,0.4,balanced
@jrjohnryanjr,4,6,10,0.4,balanced
@rodkeh,7,3,10,0.7,balanced
@tvuser9529,5,5,10,0.5,balanced
@AlsanPine,7,3,10,0.7,balanced
@tuckerbugeater,7,3,10,0.7,balanced
@ika5666,1,8,9,0.1111111111111111,denial-leaning
@a.randomjack6661,4,5,9,0.4444444444444444,balanced
@libertyforever4270,3,6,9,0.3333333333333333,balanced
@dr_shrinker,4,5,9,0.4444444444444444,balanced
@kurzgesagt,4,5,9,0.4444444444444444,balanced
@nikitaw1982,1,8,9,0.1111111111111111,denial-leaning
@nrqed,1,8,9,0.1111111111111111,denial-leaning
@TheCountess666,3,6,9,0.3333333333333333,balanced
@Sivah_Akash,8,1,9,0.8888888888888888,science-leaning
@roberthicks1612,8,1,9,0.8888888888888888,science-leaning
@michaelrch,3,6,9,0.3333333333333333,balanced
@phil20_20,8,1,9,0.8888888888888888,science-leaning
@darylfoster7944,2,7,9,0.2222222222222222,denial-leaning
@philipm3173,8,1,9,0.8888888888888888,science-leaning
@tuberroot1112,2,7,9,0.2222222222222222,denial-leaning
@MrMezmerized,1,8,9,0.1111111111111111,denial-leaning
@MrOTLChamp,8,1,9,0.8888888888888888,science-leaning
@gandolfthewhite,1,8,9,0.1111111111111111,denial-leaning
@portfolio91,4,5,9,0.4444444444444444,balanced
@OldJackWolf,5,4,9,0.5555555555555556,balanced
@earldecker7760,2,7,9,0.2222222222222222,denial-leaning
@freedomforlove101,5,4,9,0.5555555555555556,balanced
@mafarmerga,3,6,9,0.3333333333333333,balanced
@hg2.,6,3,9,0.6666666666666666,balanced
@20-Foot-Anaconda,8,1,9,0.8888888888888888,science-leaning
@mathboy8188,1,8,9,0.1111111111111111,denial-leaning
@metaldetektordk,3,6,9,0.3333333333333333,balanced
@jayejaycurry5485,6,3,9,0.6666666666666666,balanced
@-LightningRod-,6,2,8,0.75,science-leaning
@Alexander_Kale,5,3,8,0.625,balanced
@jeffreyluciana8711,5,3,8,0.625,balanced
@robertdouglas8895,7,1,8,0.875,science-leaning
@roberthicks5454,2,6,8,0.25,denial-leaning
@thurmanzhou1304,3,5,8,0.375,balanced
@kein_indianer,1,7,8,0.125,denial-leaning
@Woltato,3,5,8,0.375,balanced
@volkerengels5298,6,2,8,0.75,science-leaning
@nsbd90now,5,3,8,0.625,balanced
@gehwissen3975,7,1,8,0.875,science-leaning
@ralphholiman7401,7,1,8,0.875,science-leaning
@johanponken,2,6,8,0.25,denial-leaning
@denisdaly1708,3,5,8,0.375,balanced
@richarddobreny6664,3,5,8,0.375,balanced
@incognitotorpedo42,5,3,8,0.625,balanced
@michaeldeierhoi4096,1,7,8,0.125,denial-leaning
@proudhon100,1,7,8,0.125,denial-leaning
@Crispr_CAS9,2,6,8,0.25,denial-leaning
@adrianthoroughgood1191,4,4,8,0.5,balanced
@ambientcarrot,4,4,8,0.5,balanced
@dtz1000,6,2,8,0.75,science-leaning
@drunkenhobo5039,2,6,8,0.25,denial-leaning
@QT5656,5,3,8,0.625,balanced
@albin4323,3,5,8,0.375,balanced
@17MrLeon,5,2,7,0.7142857142857143,science-leaning
@peetsnort,6,1,7,0.8571428571428571,science-leaning
@ddoumeche,2,5,7,0.2857142857142857,denial-leaning
@frede1905,1,6,7,0.14285714285714285,denial-leaning
@thoutube9522,6,1,7,0.8571428571428571,science-leaning
@itsmorphed6416,6,1,7,0.8571428571428571,science-leaning
@cdmarshall7448,6,1,7,0.8571428571428571,science-leaning
@thomasmartin406,6,1,7,0.8571428571428571,science-leaning
@baneverything5580,4,3,7,0.5714285714285714,balanced
@outbackeddie,1,6,7,0.14285714285714285,denial-leaning
@BrianBellia,1,6,7,0.14285714285714285,denial-leaning
@johnchandler1687,1,6,7,0.14285714285714285,denial-leaning
@Mystery_Man_ML,3,4,7,0.42857142857142855,balanced
@justmenotyou3151,6,1,7,0.8571428571428571,science-leaning
@CarlZimmerJung,5,2,7,0.7142857142857143,science-leaning
@davidprimeau3368,1,6,7,0.14285714285714285,denial-leaning
@SeraphsWitness,1,6,7,0.14285714285714285,denial-leaning
@j.kaimori3848,3,4,7,0.42857142857142855,balanced
@ProPexPup,5,2,7,0.7142857142857143,science-leaning
@evets1709,1,6,7,0.14285714285714285,denial-leaning
@SaveMoneySavethePlanet,2,5,7,0.2857142857142857,denial-leaning
@markmuller7962,1,6,7,0.14285714285714285,denial-leaning
@RedXlV,1,6,7,0.14285714285714285,denial-leaning
@archstanton_live,1,6,7,0.14285714285714285,denial-leaning
@europaeuropa3673,3,4,7,0.42857142857142855,balanced
@tomtetomtesson2477,1,6,7,0.14285714285714285,denial-leaning
@Debbie-henri,3,4,7,0.42857142857142855,balanced
@Entropic0,1,6,7,0.14285714285714285,denial-leaning
@dylaninnes8541,2,5,7,0.2857142857142857,denial-leaning
@TheTeaParty320,3,4,7,0.42857142857142855,balanced
@ZennExile,6,1,7,0.8571428571428571,science-leaning
@WiseandVegan,5,2,7,0.7142857142857143,science-leaning
@terencejay8845,4,3,7,0.5714285714285714,balanced
@maxxwellbeing9449,6,1,7,0.8571428571428571,science-leaning
@mikeharrington5593,5,2,7,0.7142857142857143,science-leaning
@WSmith_1984,2,5,7,0.2857142857142857,denial-leaning
@KingComputerSydney,2,5,7,0.2857142857142857,denial-leaning
@donkloos9078,2,5,7,0.2857142857142857,denial-leaning
@andrewclark3236,5,2,7,0.7142857142857143,science-leaning
@williambaikie5739,2,5,7,0.2857142857142857,denial-leaning
@shealdedmon7027,6,1,7,0.8571428571428571,science-leaning
@stoodmuffinpersonal3144,6,1,7,0.8571428571428571,science-leaning
@Jacob-ks4mu,6,1,7,0.8571428571428571,science-leaning
@wlhgmk,5,2,7,0.7142857142857143,science-leaning
@scottclay4253,3,4,7,0.42857142857142855,balanced
@Tengooda,1,6,7,0.14285714285714285,denial-leaning
@sedonars1,5,2,7,0.7142857142857143,science-leaning
@glenbard657,1,6,7,0.14285714285714285,denial-leaning
@canemcave,6,1,7,0.8571428571428571,science-leaning
@gedofgont1006,1,6,7,0.14285714285714285,denial-leaning
@scottsrfun,1,6,7,0.14285714285714285,denial-leaning
@aeroearth,3,4,7,0.42857142857142855,balanced
@kirklaird8345,3,4,7,0.42857142857142855,balanced
@jjoohhhnn,3,4,7,0.42857142857142855,balanced
@loturzelrestaurant,3,3,6,0.5,balanced
@Regretr1,2,4,6,0.3333333333333333,balanced
@bobmester3475,3,3,6,0.5,balanced
@tr7b410,4,2,6,0.6666666666666666,balanced
@ab9957,5,1,6,0.8333333333333334,science-leaning
@bipolatelly9806,4,2,6,0.6666666666666666,balanced
@OJTPhD,2,4,6,0.3333333333333333,balanced
@michaelschiessl8357,4,2,6,0.6666666666666666,balanced
@lotoreo,5,1,6,0.8333333333333334,science-leaning
@fuzzywzhe,2,4,6,0.3333333333333333,balanced
@christophercharles3169,4,2,6,0.6666666666666666,balanced
@Ominousheat,5,1,6,0.8333333333333334,science-leaning
@marksmith4346,1,5,6,0.16666666666666666,denial-leaning
@Stupidityindex,2,4,6,0.3333333333333333,balanced
@mrradman2986,2,4,6,0.3333333333333333,balanced
@Rnankn,5,1,6,0.8333333333333334,science-leaning
@philwilson609,3,3,6,0.5,balanced
@SteveLomas-k6k,2,4,6,0.3333333333333333,balanced
@oakfat5178,4,2,6,0.6666666666666666,balanced
@cageybee7221,2,4,6,0.3333333333333333,balanced
@SimonClark,4,2,6,0.6666666666666666,balanced
@urbanstrencan,3,3,6,0.5,balanced
@TennesseeJed,4,2,6,0.6666666666666666,balanced
@harrymills2770,1,5,6,0.16666666666666666,denial-leaning
@nicolatesla5786,4,2,6,0.6666666666666666,balanced
@Bushman9,3,3,6,0.5,balanced
@BythepeopleForthepeople203,5,1,6,0.8333333333333334,science-leaning
@55Quirll,2,4,6,0.3333333333333333,balanced
@mudslinger888,4,2,6,0.6666666666666666,balanced
@gardengnome3249,1,5,6,0.16666666666666666,denial-leaning
@RosscoAW,2,4,6,0.3333333333333333,balanced
@benchapple1583,3,3,6,0.5,balanced
@62Sketch,2,4,6,0.3333333333333333,balanced
@primpal08,3,3,6,0.5,balanced
@MinusEighty,5,1,6,0.8333333333333334,science-leaning
@JeffBilkins,2,4,6,0.3333333333333333,balanced
@timbushell8640,2,4,6,0.3333333333333333,balanced
@thepope2412,5,1,6,0.8333333333333334,science-leaning
@sixvee5147,4,2,6,0.6666666666666666,balanced
@jamesesselman283,4,2,6,0.6666666666666666,balanced
@thefleecer3673,2,4,6,0.3333333333333333,balanced
@firewizzard86,5,1,6,0.8333333333333334,science-leaning
@steve-r-collier,3,3,6,0.5,balanced
@jeromejerome2492,2,4,6,0.3333333333333333,balanced
@GonzoFumbleficker,3,3,6,0.5,balanced
@johnvoelker4345,3,3,6,0.5,balanced
@LarryCleveland,4,2,6,0.6666666666666666,balanced
@jamesdellaneve9005,2,4,6,0.3333333333333333,balanced
@electronresonator8882,5,1,6,0.8333333333333334,science-leaning
@stevenwiederholt7000,4,2,6,0.6666666666666666,balanced
@DarthVaderfr,2,4,6,0.3333333333333333,balanced
@Ninjaeule97,2,4,6,0.3333333333333333,balanced
@jordapen,4,2,6,0.6666666666666666,balanced
@NapoleonGelignite,1,5,6,0.16666666666666666,denial-leaning
@jimr5855,1,5,6,0.16666666666666666,denial-leaning
@svenweihusen57,2,4,6,0.3333333333333333,balanced
@scenicalpinedrives,4,2,6,0.6666666666666666,balanced
@JoeZorzin,2,4,6,0.3333333333333333,balanced
@rvdb8876,1,5,6,0.16666666666666666,denial-leaning
@Deebz270,3,3,6,0.5,balanced
@tealkerberus748,3,3,6,0.5,balanced
@FelipeKana1,4,2,6,0.6666666666666666,balanced
@Ethan.Lamoureux,4,2,6,0.6666666666666666,balanced
@my1vice,1,4,5,0.2,denial-leaning
@TX-dy4ef,3,2,5,0.6,balanced
@therobbieunited,2,3,5,0.4,balanced
@Alex-cw3rz,3,2,5,0.6,balanced
@iamthinking2252_,3,2,5,0.6,balanced
@thesprinklerguy2598,2,3,5,0.4,balanced
@devils_advocate_88,1,4,5,0.2,denial-leaning
@Arisaem,1,4,5,0.2,denial-leaning
@AstrumEarth,2,3,5,0.4,balanced
@theultimatereductionist7592,2,3,5,0.4,balanced
@nigelliam153,1,4,5,0.2,denial-leaning
@JW4REnvironment,1,4,5,0.2,denial-leaning
@nopers369,4,1,5,0.8,science-leaning
@Unsensitive,3,2,5,0.6,balanced
@westlands703,2,3,5,0.4,balanced
@Jameswoodgo,3,2,5,0.6,balanced
@dks13827,2,3,5,0.4,balanced
@jimmyfortrue3741,4,1,5,0.8,science-leaning
@whatelseison8970,3,2,5,0.6,balanced
@NoWay1969,1,4,5,0.2,denial-leaning
@winterrain1947,1,4,5,0.2,denial-leaning
@GazGuitarz,3,2,5,0.6,balanced
@astrumspace,1,4,5,0.2,denial-leaning
@tbl268,3,2,5,0.6,balanced
@markrowley8177,2,3,5,0.4,balanced
@jasonlarsen4945,1,4,5,0.2,denial-leaning
@benru22,1,4,5,0.2,denial-leaning
@erickort1987,2,3,5,0.4,balanced
@anguscampbell1533,1,4,5,0.2,denial-leaning
@elli003,4,1,5,0.8,science-leaning
@egoncorneliscallery9535,3,2,5,0.6,balanced
@globalwarming382,3,2,5,0.6,balanced
@GaryR55,2,3,5,0.4,balanced
@amiava4213,3,2,5,0.6,balanced
@bigverybadtom,3,2,5,0.6,balanced
@leialee6820,4,1,5,0.8,science-leaning
@Gmetherman,1,4,5,0.2,denial-leaning
@janklaas6885,2,3,5,0.4,balanced
@DutchStar,1,4,5,0.2,denial-leaning
@homewall744,1,4,5,0.2,denial-leaning
@michaelschuler7397,3,2,5,0.6,balanced
@tftftf,1,4,5,0.2,denial-leaning
@wrath276,3,2,5,0.6,balanced
@wolfgangpreier9160,1,4,5,0.2,denial-leaning
@Killbayne,1,4,5,0.2,denial-leaning
@sodalitia,2,3,5,0.4,balanced
@snuffeldjuret,2,3,5,0.4,balanced
@georgesimon1760,1,4,5,0.2,denial-leaning
@KD-cg9iq,1,4,5,0.2,denial-leaning
@--Paws--,1,4,5,0.2,denial-leaning
@Robert_McGarry_Poems,2,3,5,0.4,balanced
@DWPlanetA,4,1,5,0.8,science-leaning
@PaulaTourville-po7fg,3,2,5,0.6,balanced
@SelfSustainableCity,4,1,5,0.8,science-leaning
@robertjanicki5906,2,3,5,0.4,balanced
@davestagner,3,2,5,0.6,balanced
@EnvironmentalCoffeehouse,2,3,5,0.4,balanced
@turbochicken80,3,2,5,0.6,balanced
@CHMichael,2,3,5,0.4,balanced
@Meekseek,3,2,5,0.6,balanced
@chicxulub2947,1,4,5,0.2,denial-leaning
@SabineHossenfelder,3,2,5,0.6,balanced
@Dan-l2y2r,4,1,5,0.8,science-leaning
@christianlibertarian5488,4,1,5,0.8,science-leaning
@robertmarmaduke9721,1,4,5,0.2,denial-leaning
@kimwarburton8490,1,4,5,0.2,denial-leaning
@richardconnelly7141,3,2,5,0.6,balanced
@MrDavidBFoster,3,2,5,0.6,balanced
@DHD-p4v,3,2,5,0.6,balanced
@MrLoobu,3,2,5,0.6,balanced
@CarlosOddone-z6k,4,1,5,0.8,science-leaning
@potholer54,3,2,5,0.6,balanced
@criticalbiker1273,1,4,5,0.2,denial-leaning
@trevormarr8379,1,4,5,0.2,denial-leaning
@DANGJOS,1,4,5,0.2,denial-leaning
@kameronbriggs235,3,2,5,0.6,balanced
@PaulBowman-y1r,1,4,5,0.2,denial-leaning
@Pecisk,2,3,5,0.4,balanced
@kenvandeburgt1232,3,2,5,0.6,balanced
@freedomruss,3,2,5,0.6,balanced
@vigilantcosmicpenguin8721,2,3,5,0.4,balanced
@savedfaves,2,3,5,0.4,balanced
@rRekko,3,2,5,0.6,balanced
@kenwoodburn7438,2,3,5,0.4,balanced
@CougarDoomer,2,3,5,0.4,balanced
@carlstephens1532,2,3,5,0.4,balanced
@Mythhammer,1,4,5,0.2,denial-leaning
@Leafsdude_,3,2,5,0.6,balanced
@Briggsian,2,3,5,0.4,balanced
@remcovanek2,4,1,5,0.8,science-leaning
@robertwadas,1,4,5,0.2,denial-leaning
@Pacdoc-Oz,4,1,5,0.8,science-leaning
@robotnoir5299,3,2,5,0.6,balanced
@kenmarriott5772,4,1,5,0.8,science-leaning
@DaveE99,1,4,5,0.2,denial-leaning
@MCshlthead,2,3,5,0.4,balanced
@johndaddyo444,1,4,5,0.2,denial-leaning
@craigwiggins253,3,1,4,0.75,science-leaning
@jr1648,1,3,4,0.25,denial-leaning
@conormcmenemie5126,2,2,4,0.5,balanced
@gsully_69,1,3,4,0.25,denial-leaning
@jeffjests2764,1,3,4,0.25,denial-leaning
@jeffbenton6183,2,2,4,0.5,balanced
@critiqueofthegothgf,2,2,4,0.5,balanced
@bernzeppi,3,1,4,0.75,science-leaning
@louisholmes6961,2,2,4,0.5,balanced
@j.w.r3730,2,2,4,0.5,balanced
@jp4431,1,3,4,0.25,denial-leaning
@goodbeans5,2,2,4,0.5,balanced
@madshorn5826,3,1,4,0.75,science-leaning
@jean6453,2,2,4,0.5,balanced
@juzeus9,2,2,4,0.5,balanced
@jbaggaz,2,2,4,0.5,balanced
@crazyworldlarue8388,3,1,4,0.75,science-leaning
@jayday545,2,2,4,0.5,balanced
@harrydecker8731,2,2,4,0.5,balanced
@joedon1706,1,3,4,0.25,denial-leaning
@glenndavis4452,2,2,4,0.5,balanced
@dougcard5241,2,2,4,0.5,balanced
@gbuz5789,2,2,4,0.5,balanced
@frankenz66,2,2,4,0.5,balanced
@carlbrenninkmeijer8925,2,2,4,0.5,balanced
@deepashtray5605,3,1,4,0.75,science-leaning
@gene-fd4xg,1,3,4,0.25,denial-leaning
@coolramone,1,3,4,0.25,denial-leaning
@joeking1019,2,2,4,0.5,balanced
@australienski6687,1,3,4,0.25,denial-leaning
@ignaciocasodedios3184,2,2,4,0.5,balanced
@brooksanderson2599,1,3,4,0.25,denial-leaning
@dkvikingkd233,1,3,4,0.25,denial-leaning
@geoffreytoomey682,1,3,4,0.25,denial-leaning
@kruse8888,2,2,4,0.5,balanced
@donkey1271,3,1,4,0.75,science-leaning
@leeuniverse,2,2,4,0.5,balanced
@hime273,2,2,4,0.5,balanced
@keepitreal2902,2,2,4,0.5,balanced
@jameseames4754,3,1,4,0.75,science-leaning
@dougpatterson7494,1,3,4,0.25,denial-leaning
@downtoearth1950,2,2,4,0.5,balanced
@karlostj4683,2,2,4,0.5,balanced
@johnj4Clim8,2,2,4,0.5,balanced
@chrisconklin2981,1,3,4,0.25,denial-leaning
@jim7634,1,3,4,0.25,denial-leaning
@gingef5197,2,2,4,0.5,balanced
@fellinuxvi3541,2,2,4,0.5,balanced
@ducthman4737,2,2,4,0.5,balanced
@karenfrenchvanilla,3,1,4,0.75,science-leaning
@johnnyllooddte3415,3,1,4,0.75,science-leaning
@echelonrank3927,3,1,4,0.75,science-leaning
@klaasdykstra8127,2,2,4,0.5,balanced
@hagerty1952,3,1,4,0.75,science-leaning
@philipoakley5498,2,2,4,0.5,balanced
@romanpolanski4928,2,2,4,0.5,balanced
@thomasneal9291,1,3,4,0.25,denial-leaning
@peterweissmann7794,1,3,4,0.25,denial-leaning
@LabGecko,3,1,4,0.75,science-leaning
@stormytrails,2,2,4,0.5,balanced
@transsylvanian9100,3,1,4,0.75,science-leaning
@rumples2698,1,3,4,0.25,denial-leaning
@Kenneth-ts7bp,3,1,4,0.75,science-leaning
@ShopBH-n8d,2,2,4,0.5,balanced
@Chino780,1,3,4,0.25,denial-leaning
@troothcentral-qz9pz,1,3,4,0.25,denial-leaning
@tuoratoo,3,1,4,0.75,science-leaning
@pattybaselines,2,2,4,0.5,balanced
@patrick247two,3,1,4,0.75,science-leaning
@BufordTGleason,2,2,4,0.5,balanced
@KeizerPaPa,2,2,4,0.5,balanced
@FrederikFalk21,3,1,4,0.75,science-leaning
@KateeAngel,2,2,4,0.5,balanced
@oldmanfromscenetwentyfour8164,3,1,4,0.75,science-leaning
@BradThePitts,1,3,4,0.25,denial-leaning
@Bookhermit,2,2,4,0.5,balanced
@richardhuzzey1294,2,2,4,0.5,balanced
@LecherousLizard,2,2,4,0.5,balanced
@Richard482,2,2,4,0.5,balanced
@nyoodmono4681,3,1,4,0.75,science-leaning
@planefan082,1,3,4,0.25,denial-leaning
@EmilyJelassi,2,2,4,0.5,balanced
@MrRobtwothirds,1,3,4,0.25,denial-leaning
@Michael-hm8cs,2,2,4,0.5,balanced
@Mrbfgray,3,1,4,0.75,science-leaning
@robbabcock_,1,3,4,0.25,denial-leaning
@MauriatOttolink,3,1,4,0.75,science-leaning
@rapauli,3,1,4,0.75,science-leaning
@robertmoeller4352,1,3,4,0.25,denial-leaning
@NeilÇedilla,3,1,4,0.75,science-leaning
@randyohm3445,1,3,4,0.25,denial-leaning
@DrSmooth2000,3,1,4,0.75,science-leaning
@Noumenon4Idolatry,1,3,4,0.25,denial-leaning
@psikeyhackr6914,3,1,4,0.75,science-leaning
@Dodger481,2,2,4,0.5,balanced
@stowcreek1999,1,3,4,0.25,denial-leaning
@rogerphelps9939,1,3,4,0.25,denial-leaning
@praem9597,2,2,4,0.5,balanced
@PhongNguyễnNgọc-p4v,2,2,4,0.5,balanced
@ppetal1,2,2,4,0.5,balanced
@plasmaastronaut,2,2,4,0.5,balanced
@Deep-Time-Capsules,3,1,4,0.75,science-leaning
@TCRgalaxy,2,2,4,0.5,balanced
@user-jz7mo6un1u,2,2,4,0.5,balanced
@Midwest7852,1,3,4,0.25,denial-leaning
@augustus331,2,2,4,0.5,balanced
@aarontoussaint8364,2,2,4,0.5,balanced
@aditisk99,2,2,4,0.5,balanced
@GhostOnTheHalfShell,2,2,4,0.5,balanced
@Bertmussen,2,2,4,0.5,balanced
@5353Jumper,1,3,4,0.25,denial-leaning
@Google_ai_told_me_my_iq_is155,3,1,4,0.75,science-leaning
@Intelli24U,1,3,4,0.25,denial-leaning
@melsop54,3,1,4,0.75,science-leaning
@2adamast,1,3,4,0.25,denial-leaning
@apumasterp,1,3,4,0.25,denial-leaning
@andrew30m,1,3,4,0.25,denial-leaning
@maxtabmann6701,2,2,4,0.5,balanced
@GordoGambler,1,3,4,0.25,denial-leaning
@Greg-yu4ij,1,3,4,0.25,denial-leaning
@matthewstone1362,3,1,4,0.75,science-leaning
@antred11,1,3,4,0.25,denial-leaning
@1dayUllC,3,1,4,0.75,science-leaning
@zeph6439,2,2,4,0.5,balanced
@aaroncosier735,2,2,4,0.5,balanced
@xxwookey,2,2,4,0.5,balanced
@77goanywhere,2,2,4,0.5,balanced
@GaryOsmondson,2,2,4,0.5,balanced
@JonathanLoganPDX,2,2,4,0.5,balanced
@Bebopin-69,2,2,4,0.5,balanced
@seanleith5312,1,3,4,0.25,denial-leaning
@whatabouttheearth,1,3,4,0.25,denial-leaning
@neogenmatrix6162,2,2,4,0.5,balanced
@sentientflower7891,2,2,4,0.5,balanced
@Jay_Frank,2,2,4,0.5,balanced
@xchopp,2,2,4,0.5,balanced
@serrihstamford,3,1,4,0.75,science-leaning
@平和-v1z,2,2,4,0.5,balanced
@Adodang,2,2,4,0.5,balanced
@AdeToz,3,1,4,0.75,science-leaning
@VK4VO,1,3,4,0.25,denial-leaning
@GeorgiosD90,3,1,4,0.75,science-leaning
@JA-gz6cj,2,2,4,0.5,balanced
@michaelsorensen7567,2,2,4,0.5,balanced
@martingillette7613,1,3,4,0.25,denial-leaning
@jassybee,1,2,3,0.3333333333333333,balanced
@tabularasa0606,1,2,3,0.3333333333333333,balanced
@jgesselberty,1,2,3,0.3333333333333333,balanced
@suziesmith2142,1,2,3,0.3333333333333333,balanced
@jazwhoaskedforthis,2,1,3,0.6666666666666666,balanced
@jerricroft937,2,1,3,0.6666666666666666,balanced
@sulijoo,1,2,3,0.3333333333333333,balanced
@stevelenores5637,2,1,3,0.6666666666666666,balanced
@stuartd9741,1,2,3,0.3333333333333333,balanced
@jaymacpherson8167,1,2,3,0.3333333333333333,balanced
@jeanettejack2152,1,2,3,0.3333333333333333,balanced
@stigsrnning6459,2,1,3,0.6666666666666666,balanced
@stopandthinkaboutit8636,1,2,3,0.3333333333333333,balanced
@stevenpike7857,1,2,3,0.3333333333333333,balanced
@mark4asp,2,1,3,0.6666666666666666,balanced
@teddybearroosevelt1847,1,2,3,0.3333333333333333,balanced
@wstavis3135,2,1,3,0.6666666666666666,balanced
@iareid8255,2,1,3,0.6666666666666666,balanced
@willdsm08,1,2,3,0.3333333333333333,balanced
@iancampbell6925,1,2,3,0.3333333333333333,balanced
@williampartridge7307,1,2,3,0.3333333333333333,balanced
@hurricanemeridian8712,1,2,3,0.3333333333333333,balanced
@hrushikeshavachat900,1,2,3,0.3333333333333333,balanced
@howardjones7370,2,1,3,0.6666666666666666,balanced
@wompa70,1,2,3,0.3333333333333333,balanced
@yoman5136,1,2,3,0.3333333333333333,balanced
@vivigesso3756,1,2,3,0.3333333333333333,balanced
@zacharywatson5531,1,2,3,0.3333333333333333,balanced
@zackattack635,1,2,3,0.3333333333333333,balanced
@zakosist,1,2,3,0.3333333333333333,balanced
@herbb8547,1,2,3,0.3333333333333333,balanced
@helgefan8994,1,2,3,0.3333333333333333,balanced
@hartunstart,1,2,3,0.3333333333333333,balanced
@就趣味,1,2,3,0.3333333333333333,balanced
@hamnose,1,2,3,0.3333333333333333,balanced
@voiceofexperience,1,2,3,0.3333333333333333,balanced
@vincentkosik403,1,2,3,0.3333333333333333,balanced
@tenebrousjones4897,1,2,3,0.3333333333333333,balanced
@thermalreboot,1,2,3,0.3333333333333333,balanced
@tenthousanddaysofgratitude,1,2,3,0.3333333333333333,balanced
@jarnosaarinen4583,2,1,3,0.6666666666666666,balanced
@jarichards99utube,1,2,3,0.3333333333333333,balanced
@teristeapot1823,2,1,3,0.6666666666666666,balanced
@terryturner2818,1,2,3,0.3333333333333333,balanced
@tetoffense7659,2,1,3,0.6666666666666666,balanced
@jamesgrover2005,2,1,3,0.6666666666666666,balanced
@theknowall2232,2,1,3,0.6666666666666666,balanced
@thomaslawrence6353,1,2,3,0.3333333333333333,balanced
@universalradio6944,1,2,3,0.3333333333333333,balanced
@stevehewitt1151,2,1,3,0.6666666666666666,balanced
@jacquilayton2557,2,1,3,0.6666666666666666,balanced
@tomgreene1843,1,2,3,0.3333333333333333,balanced
@tonywilson4713,1,2,3,0.3333333333333333,balanced
@treefoxxx,2,1,3,0.6666666666666666,balanced
@jackasdasd5143,2,1,3,0.6666666666666666,balanced
@izaruburs9389,2,1,3,0.6666666666666666,balanced
@iyamhere4370,1,2,3,0.3333333333333333,balanced
@jgreen9361,2,1,3,0.6666666666666666,balanced
@joejoejoejoejoejoe4391,2,1,3,0.6666666666666666,balanced
@starleyshelton2245,1,2,3,0.3333333333333333,balanced
@normanstewart7130,1,2,3,0.3333333333333333,balanced
@naniyotaka,1,2,3,0.3333333333333333,balanced
@nathanlevesque7812,2,1,3,0.6666666666666666,balanced
@krystalmckenzie3041,1,2,3,0.3333333333333333,balanced
@nedwalport4426,1,2,3,0.3333333333333333,balanced
@krixpop,2,1,3,0.6666666666666666,balanced
@nevadataylor,1,2,3,0.3333333333333333,balanced
@noahwilliams8996,2,1,3,0.6666666666666666,balanced
@noconsent,1,2,3,0.3333333333333333,balanced
@klimatbluffen,1,2,3,0.3333333333333333,balanced
@nuqwestr,1,2,3,0.3333333333333333,balanced
@stapleman007,1,2,3,0.3333333333333333,balanced
@obinator9065,1,2,3,0.3333333333333333,balanced
@okamijubei,2,1,3,0.6666666666666666,balanced
@old-pete,1,2,3,0.3333333333333333,balanced
@kevingooley6189,2,1,3,0.6666666666666666,balanced
@h.mandelene3279,1,2,3,0.3333333333333333,balanced
@kerrychase4839,1,2,3,0.3333333333333333,balanced
@orterves,1,2,3,0.3333333333333333,balanced
@kenos911,1,2,3,0.3333333333333333,balanced
@pbsterra,2,1,3,0.6666666666666666,balanced
@leannecoffey8964,2,1,3,0.6666666666666666,balanced
@mymy3172,1,2,3,0.3333333333333333,balanced
@mycount64,1,2,3,0.3333333333333333,balanced
@libearl828,1,2,3,0.3333333333333333,balanced
@markcampbell7577,2,1,3,0.6666666666666666,balanced
@markedis5902,1,2,3,0.3333333333333333,balanced
@markharris1223,1,2,3,0.3333333333333333,balanced
@markschiavone8003,1,2,3,0.3333333333333333,balanced
@madeinfoxtrap5539,2,1,3,0.6666666666666666,balanced
@lyrebird9749,2,1,3,0.6666666666666666,balanced
@luc6284,2,1,3,0.6666666666666666,balanced
@mattmccallum2007,1,2,3,0.3333333333333333,balanced
@megalodon6108,1,2,3,0.3333333333333333,balanced
@melusine826,1,2,3,0.3333333333333333,balanced
@mh1593,2,1,3,0.6666666666666666,balanced
@michaelbartley7123,1,2,3,0.3333333333333333,balanced
@michaelccopelandsr7120,1,2,3,0.3333333333333333,balanced
@loszhor,1,2,3,0.3333333333333333,balanced
@lindop5425,1,2,3,0.3333333333333333,balanced
@liete-sl2wg,2,1,3,0.6666666666666666,balanced
@lie_detector_00,1,2,3,0.3333333333333333,balanced
@mickelkobeck7376,1,2,3,0.3333333333333333,balanced
@micpic119,2,1,3,0.6666666666666666,balanced
@pcuimac,2,1,3,0.6666666666666666,balanced
@peterbills4129,1,2,3,0.3333333333333333,balanced
@peterjol,2,1,3,0.6666666666666666,balanced
@richbalance8404,1,2,3,0.3333333333333333,balanced
@roblouw1344,2,1,3,0.6666666666666666,balanced
@robmanzoni5766,1,2,3,0.3333333333333333,balanced
@john1boggity56,2,1,3,0.6666666666666666,balanced
@rogerstarkey5390,1,2,3,0.3333333333333333,balanced
@mariusg8824,1,2,3,0.3333333333333333,balanced
@joankearney4029,1,2,3,0.3333333333333333,balanced
@jjhhandk3974,1,2,3,0.3333333333333333,balanced
@seraphcreed840,1,2,3,0.3333333333333333,balanced
@shanemitchell5807,1,2,3,0.3333333333333333,balanced
@shoobidyboop8634,2,1,3,0.6666666666666666,balanced
@shorunqualtec2070,1,2,3,0.3333333333333333,balanced
@jimhood1202,1,2,3,0.3333333333333333,balanced
@jimh3500,1,2,3,0.3333333333333333,balanced
@showme360,2,1,3,0.6666666666666666,balanced
@sirmeowthelibrarycat,1,2,3,0.3333333333333333,balanced
@sirrathersplendid4825,2,1,3,0.6666666666666666,balanced
@somethinglikethat2176,1,2,3,0.3333333333333333,balanced
@sourabhmate1411,2,1,3,0.6666666666666666,balanced
@spongebobpopsicle9397,1,2,3,0.3333333333333333,balanced
@johndolph5158,2,1,3,0.6666666666666666,balanced
@johng4093,2,1,3,0.6666666666666666,balanced
@kbmblizz1940,1,2,3,0.3333333333333333,balanced
@richardcowley4087,1,2,3,0.3333333333333333,balanced
@peterp5099,1,2,3,0.3333333333333333,balanced
@kaupaxup,1,2,3,0.3333333333333333,balanced
@philipclemoes9458,1,2,3,0.3333333333333333,balanced
@philipmeyer7402,1,2,3,0.3333333333333333,balanced
@kaitlyn__L,1,2,3,0.3333333333333333,balanced
@prototropo,2,1,3,0.6666666666666666,balanced
@proximacentaur1654,2,1,3,0.6666666666666666,balanced
@justinmadrid8712,1,2,3,0.3333333333333333,balanced
@juni_thefoo,2,1,3,0.6666666666666666,balanced
@jubilee,1,2,3,0.3333333333333333,balanced
@rabka123-m8v,1,2,3,0.3333333333333333,balanced
@ransomsimmons3218,1,2,3,0.3333333333333333,balanced
@josephteller9715,1,2,3,0.3333333333333333,balanced
@ravenken,2,1,3,0.6666666666666666,balanced
@jonpark6650,1,2,3,0.3333333333333333,balanced
@rcnelson,1,2,3,0.3333333333333333,balanced
@redacted5035,1,2,3,0.3333333333333333,balanced
@reneeparker7475,1,2,3,0.3333333333333333,balanced
@retrobluemusic,1,2,3,0.3333333333333333,balanced
@oldschool1993,2,1,3,0.6666666666666666,balanced
@雷-t3j,2,1,3,0.6666666666666666,balanced
@SweBeach2023,1,2,3,0.3333333333333333,balanced
@andyrowlands50029,1,2,3,0.3333333333333333,balanced
@berniethekiwidragon4382,1,2,3,0.3333333333333333,balanced
@bentullett6068,1,2,3,0.3333333333333333,balanced
@George.Andrews.,1,2,3,0.3333333333333333,balanced
@Gigachad-mc5qz,1,2,3,0.3333333333333333,balanced
@beactivebehappy9894,2,1,3,0.6666666666666666,balanced
@GizzyDillespee,1,2,3,0.3333333333333333,balanced
@ballbag9641,1,2,3,0.3333333333333333,balanced
@badhombre4942,1,2,3,0.3333333333333333,balanced
@GontwRiya,1,2,3,0.3333333333333333,balanced
@aussieboy4090,2,1,3,0.6666666666666666,balanced
@auckman2281,1,2,3,0.3333333333333333,balanced
@GusOfTheDorks,1,2,3,0.3333333333333333,balanced
@Hans-v6k,1,2,3,0.3333333333333333,balanced
@Heavywall70,1,2,3,0.3333333333333333,balanced
@Zelp789,2,1,3,0.6666666666666666,balanced
@andy-the-gardener,1,2,3,0.3333333333333333,balanced
@HiddenHandMedia,1,2,3,0.3333333333333333,balanced
@anabolicamaranth7140,1,2,3,0.3333333333333333,balanced
@amarreder6241,1,2,3,0.3333333333333333,balanced
@alyssahansen1400,1,2,3,0.3333333333333333,balanced
@alveolate,2,1,3,0.6666666666666666,balanced
@alexd4566,2,1,3,0.6666666666666666,balanced
@HironJoni-h5j,1,2,3,0.3333333333333333,balanced
@alexandracarrico1765,1,2,3,0.3333333333333333,balanced
@albinoviper2876,1,2,3,0.3333333333333333,balanced
@Hitchhiker007,2,1,3,0.6666666666666666,balanced
@advent3774,2,1,3,0.6666666666666666,balanced
@HussainjrMalik,1,2,3,0.3333333333333333,balanced
@bigike1313,2,1,3,0.6666666666666666,balanced
@FonsecaStatter,2,1,3,0.6666666666666666,balanced
@Fjellstad69,1,2,3,0.3333333333333333,balanced
@billhanna8838,2,1,3,0.6666666666666666,balanced
@DisposableSupervillainHenchman,1,2,3,0.3333333333333333,balanced
@channel1_channel,2,1,3,0.6666666666666666,balanced
@champspec,2,1,3,0.6666666666666666,balanced
@chain8847,1,2,3,0.3333333333333333,balanced
@Doc-Holliday1851,1,2,3,0.3333333333333333,balanced
@cdineaglecollapsecenter4672,1,2,3,0.3333333333333333,balanced
@ccastyman22305,1,2,3,0.3333333333333333,balanced
@carlpodrecca5177,2,1,3,0.6666666666666666,balanced
@DrScopey2,1,2,3,0.3333333333333333,balanced
@DreamersOfReality,1,2,3,0.3333333333333333,balanced
@canUfeelMYface,1,2,3,0.3333333333333333,balanced
@camelopardalis84,1,2,3,0.3333333333333333,balanced
@EB_3D,1,2,3,0.3333333333333333,balanced
@buttonsangel3074,1,2,3,0.3333333333333333,balanced
@EaglePlaneAnchor,1,2,3,0.3333333333333333,balanced
@Educated2Extinction,1,2,3,0.3333333333333333,balanced
@boxsterbenz4059,2,1,3,0.6666666666666666,balanced
@EqualsThreeable,1,2,3,0.3333333333333333,balanced
@Eric-ye5yz,2,1,3,0.6666666666666666,balanced
@EthelredHardrede-nz8yv,1,2,3,0.3333333333333333,balanced
@Evolved_Chicken,1,2,3,0.3333333333333333,balanced
@bobsonbobbybobson6888,1,2,3,0.3333333333333333,balanced
@blahblah2062,2,1,3,0.6666666666666666,balanced
@FLANG3265,2,1,3,0.6666666666666666,balanced
@bksduskmirror1250,1,2,3,0.3333333333333333,balanced
@bjarkiengelsson,2,1,3,0.6666666666666666,balanced
@biomutarist6832,2,1,3,0.6666666666666666,balanced
@Zhiinu,1,2,3,0.3333333333333333,balanced
@YourInvestmentAdvise,1,2,3,0.3333333333333333,balanced
@chrisgunther109,1,2,3,0.3333333333333333,balanced
@MichaelHarrisIreland,2,1,3,0.6666666666666666,balanced
@SeanHollingsworth,1,2,3,0.3333333333333333,balanced
@Sean-ll5cm,1,2,3,0.3333333333333333,balanced
@Sea-zu4bj,2,1,3,0.6666666666666666,balanced
@Scarletraven87,1,2,3,0.3333333333333333,balanced
@SaltyOldBaldurian,1,2,3,0.3333333333333333,balanced
@RussellFineArt,1,2,3,0.3333333333333333,balanced
@Robynhoodlum,1,2,3,0.3333333333333333,balanced
@RobertCHoweSr,1,2,3,0.3333333333333333,balanced
@MeppyMan,2,1,3,0.6666666666666666,balanced
@Raptor-su2mp,1,2,3,0.3333333333333333,balanced
@RTmadnesstoo,1,2,3,0.3333333333333333,balanced
@Michael0663-qo4wx,2,1,3,0.6666666666666666,balanced
@PershingOfficial,2,1,3,0.6666666666666666,balanced
@PaulMann8666,2,1,3,0.6666666666666666,balanced
@XiamenBill78,1,2,3,0.3333333333333333,balanced
@Panzerkampfagen885,1,2,3,0.3333333333333333,balanced
@One-shh,2,1,3,0.6666666666666666,balanced
@ORagnar,1,2,3,0.3333333333333333,balanced
@MichaelOrtega,1,2,3,0.3333333333333333,balanced
@NotAGoodUsername360,1,2,3,0.3333333333333333,balanced
@Norahknits,1,2,3,0.3333333333333333,balanced
@MilwaukeeF40C,2,1,3,0.6666666666666666,balanced
@NitroSmoke244,1,2,3,0.3333333333333333,balanced
@MossyMozart,1,2,3,0.3333333333333333,balanced
@NightRunner417,1,2,3,0.3333333333333333,balanced
@N.Sniper,1,2,3,0.3333333333333333,balanced
@MrJohndl,2,1,3,0.6666666666666666,balanced
@MrNicoJac,1,2,3,0.3333333333333333,balanced
@SimonFrack,1,2,3,0.3333333333333333,balanced
@SiqueScarface,1,2,3,0.3333333333333333,balanced
@Malibu1515,1,2,3,0.3333333333333333,balanced
@Longtack55,1,2,3,0.3333333333333333,balanced
@IIVVBlues,1,2,3,0.3333333333333333,balanced
@VillageGirl-1984,2,1,3,0.6666666666666666,balanced
@VCanisMajorisY,2,1,3,0.6666666666666666,balanced
@UnknownPascal-sc2nk,1,2,3,0.3333333333333333,balanced
@IygfZadc,2,1,3,0.6666666666666666,balanced
@Tubeytime,1,2,3,0.3333333333333333,balanced
@JFB1111,1,2,3,0.3333333333333333,balanced
@TrashpandaLizz,1,2,3,0.3333333333333333,balanced
@Trailkraft,1,2,3,0.3333333333333333,balanced
@JRB22144,1,2,3,0.3333333333333333,balanced
@Jake12220,1,2,3,0.3333333333333333,balanced
@TimothyWells-kw1jj,1,2,3,0.3333333333333333,balanced
@TimothyGasser,1,2,3,0.3333333333333333,balanced
@The_introvert0001,1,2,3,0.3333333333333333,balanced
@Jozeemoss,1,2,3,0.3333333333333333,balanced
@TheLittlered1961,1,2,3,0.3333333333333333,balanced
@KlutchKargo,1,2,3,0.3333333333333333,balanced
@TheDanEdwards,2,1,3,0.6666666666666666,balanced
@TheCompleteGuitarist,1,2,3,0.3333333333333333,balanced
@TeddyRumble,1,2,3,0.3333333333333333,balanced
@KowboyUSA,2,1,3,0.6666666666666666,balanced
@T1tusCr0w,2,1,3,0.6666666666666666,balanced
@Kris-fd9xs,2,1,3,0.6666666666666666,balanced
@KyleTheDalek,1,2,3,0.3333333333333333,balanced
@Leehamism,1,2,3,0.3333333333333333,balanced
@SpeedyCorky,1,2,3,0.3333333333333333,balanced
@Loki-rascal,2,1,3,0.6666666666666666,balanced
@cherryfresh6150,1,2,3,0.3333333333333333,balanced
@blackbird5634,1,2,3,0.3333333333333333,balanced
@MrRandythibeault,1,2,3,0.3333333333333333,balanced
@BrokeredHeart,1,2,3,0.3333333333333333,balanced
@AWildBard,1,2,3,0.3333333333333333,balanced
@Bob-of-Zoid,2,1,3,0.6666666666666666,balanced
@e.a.p3174,1,2,3,0.3333333333333333,balanced
@garimasharma4812,1,2,3,0.3333333333333333,balanced
@doughaug,1,2,3,0.3333333333333333,balanced
@ANO-.-NYM,1,2,3,0.3333333333333333,balanced
@diatonicdelirium1743,2,1,3,0.6666666666666666,balanced
@garydaniels2533,1,2,3,0.3333333333333333,balanced
@ACAB-GAYCRAB,1,2,3,0.3333333333333333,balanced
@CT-vm4gf,2,1,3,0.6666666666666666,balanced
@davidtuer5825,2,1,3,0.6666666666666666,balanced
@Campaigner82,2,1,3,0.6666666666666666,balanced
@denisegaylord382,2,1,3,0.6666666666666666,balanced
@Apistevist,1,2,3,0.3333333333333333,balanced
@dedetudor.,1,2,3,0.3333333333333333,balanced
@geedubb-q1u,1,2,3,0.3333333333333333,balanced
@deadreckoning6288,1,2,3,0.3333333333333333,balanced
@CitiesForTheFuture2030,2,1,3,0.6666666666666666,balanced
@geoffreyah,1,2,3,0.3333333333333333,balanced
@Colonel__Ingus69,2,1,3,0.6666666666666666,balanced
@eatenbytheweasel8366,1,2,3,0.3333333333333333,balanced
@ecocentrichomestead6783,1,2,3,0.3333333333333333,balanced
@edanderson8274,1,2,3,0.3333333333333333,balanced
@eddiegolf,1,2,3,0.3333333333333333,balanced
@AvanaVana,1,2,3,0.3333333333333333,balanced
@BANANASandDUCTTAPE,1,2,3,0.3333333333333333,balanced
@BROWNDIRTWARRIOR,2,1,3,0.6666666666666666,balanced
@fal_pal_,1,2,3,0.3333333333333333,balanced
@AhammedAli-h8j,1,2,3,0.3333333333333333,balanced
@fabianmckenna8197,1,2,3,0.3333333333333333,balanced
@AdrianCuyubambaDiaz,1,2,3,0.3333333333333333,balanced
@franimal86,2,1,3,0.6666666666666666,balanced
@ethanshelbyskateboarding9980,2,1,3,0.6666666666666666,balanced
@frankgrima,1,2,3,0.3333333333333333,balanced
@Aanthanur,2,1,3,0.6666666666666666,balanced
@ernestimken6969,1,2,3,0.3333333333333333,balanced
@emryborge7027,1,2,3,0.3333333333333333,balanced
@emptyshirt,1,2,3,0.3333333333333333,balanced
@BandAid350z,2,1,3,0.6666666666666666,balanced
@BenGrem917,2,1,3,0.6666666666666666,balanced
@galaxya6406,1,2,3,0.3333333333333333,balanced
@edwardcarberry1095,1,2,3,0.3333333333333333,balanced
@BladeValant546,2,1,3,0.6666666666666666,balanced
@davidwood2387,1,2,3,0.3333333333333333,balanced
@deltalord6969,1,2,3,0.3333333333333333,balanced
@2kmichaeljordan438,2,1,3,0.6666666666666666,balanced
@01bhanaramfarmer2,1,2,3,0.3333333333333333,balanced
@65FullMoon83,1,2,3,0.3333333333333333,balanced
@4TIMESAYEAR,2,1,3,0.6666666666666666,balanced
@dalecrocker3213,2,1,3,0.6666666666666666,balanced
@goldenhate6649,1,2,3,0.3333333333333333,balanced
@gordowg1wg145,1,2,3,0.3333333333333333,balanced
@crazyasitis1940,1,2,3,0.3333333333333333,balanced
@cratecruncher4974,1,2,3,0.3333333333333333,balanced
@David-di5bo,2,1,3,0.6666666666666666,balanced
@cpufreak101,1,2,3,0.3333333333333333,balanced
@gpettipas,2,1,3,0.6666666666666666,balanced
@greatbriton8425,1,2,3,0.3333333333333333,balanced
@ginatitnaw7786,2,1,3,0.6666666666666666,balanced
@costrio,1,2,3,0.3333333333333333,balanced
@gregmoore167,1,2,3,0.3333333333333333,balanced
@conrmckocoa9352,1,2,3,0.3333333333333333,balanced
@greywinters4801,1,2,3,0.3333333333333333,balanced
@climatebell,1,2,3,0.3333333333333333,balanced
@DeadCat-42,1,2,3,0.3333333333333333,balanced
@-_James_-,1,2,3,0.3333333333333333,balanced
@guesswho22peekaboo,1,2,3,0.3333333333333333,balanced
@chrisruss9861,1,2,3,0.3333333333333333,balanced
@DennisMoore664,2,1,3,0.6666666666666666,balanced
@giorgialadashvili4771,1,2,3,0.3333333333333333,balanced
@fireballxl5768,1,2,3,0.3333333333333333,balanced
@DanteGabriel-lx9bq,1,2,3,0.3333333333333333,balanced
@D_Coronata,1,2,3,0.3333333333333333,balanced
@ggvbayareaoakland5914,1,2,3,0.3333333333333333,balanced
@CrystalAbrahams,1,2,3,0.3333333333333333,balanced
@georgedavidson1221,1,2,3,0.3333333333333333,balanced
@retiefgregorovich810,1,1,2,0.5,balanced
@MaximusWild,1,1,2,0.5,balanced
@ryanatkinson2978,1,1,2,0.5,balanced
@8thRRFS,1,1,2,0.5,balanced
@sabotabby3372,1,1,2,0.5,balanced
@wisdon,1,1,2,0.5,balanced
@sarahpengelly8439,1,1,2,0.5,balanced
@reverendfry,1,1,2,0.5,balanced
@yancgc5098,1,1,2,0.5,balanced
@ridethecurve55,1,1,2,0.5,balanced
@richardpeychers4076,1,1,2,0.5,balanced
@AZrakoon,1,1,2,0.5,balanced
@Alice-si8uz,1,1,2,0.5,balanced
@KlausJLinke,1,1,2,0.5,balanced
@KarlSnarks,1,1,2,0.5,balanced
@JugglinJellyTake01,1,1,2,0.5,balanced
@AndrewMair,1,1,2,0.5,balanced
@MrPaytonw34,1,1,2,0.5,balanced
@77dris,1,1,2,0.5,balanced
@xqt39a,1,1,2,0.5,balanced
@Joker-no1uh,1,1,2,0.5,balanced
@JohnSmith-fl6qd,1,1,2,0.5,balanced
@AnkitYadav-ll6pt,1,1,2,0.5,balanced
@777Outrigger,1,1,2,0.5,balanced
@Martinstoffregen,1,1,2,0.5,balanced
@Mastikator,1,1,2,0.5,balanced
@robertbox7666,1,1,2,0.5,balanced
@9340cody,1,1,2,0.5,balanced
@M.A.Tremblay,1,1,2,0.5,balanced
@yourstruely9896,1,1,2,0.5,balanced
@rickkwitkoski1976,1,1,2,0.5,balanced
@woocheongan1437,1,1,2,0.5,balanced
@LetzBeaFranque,1,1,2,0.5,balanced
@LetsProblemSolve,1,1,2,0.5,balanced
@MarSchlosser,1,1,2,0.5,balanced
@richarddrum9970,1,1,2,0.5,balanced
@rolandgo6744,1,1,2,0.5,balanced
@roberttuss5349,1,1,2,0.5,balanced
@rossbuchanan3016,1,1,2,0.5,balanced
@robinhood5627,1,1,2,0.5,balanced
@rosyrussell5209,1,1,2,0.5,balanced
@roydaboii9925,1,1,2,0.5,balanced
@yourmommashouse,1,1,2,0.5,balanced
@Marcello1b,1,1,2,0.5,balanced
@2NDFLB,1,1,2,0.5,balanced
@LarsLarsen77,1,1,2,0.5,balanced
@rrkunath,1,1,2,0.5,balanced
@มะสุกรีกูนิง-ศ8ฟ,1,1,2,0.5,balanced
@Marqan,1,1,2,0.5,balanced
@Mars0984,1,1,2,0.5,balanced
@7071SydcHome,1,1,2,0.5,balanced
@MenkoDany,1,1,2,0.5,balanced
@Deraek,1,1,2,0.5,balanced
@selonious341,1,1,2,0.5,balanced
@EngineeringDork,1,1,2,0.5,balanced
@timfremstad3434,1,1,2,0.5,balanced
@timhicks2154,1,1,2,0.5,balanced
@tardigrades3184,1,1,2,0.5,balanced
@syfyrytr1652,1,1,2,0.5,balanced
@EveryoneWhoUsesThisTV,1,1,2,0.5,balanced
@tomnelson2080,1,1,2,0.5,balanced
@EydgdjjEygejeg,1,1,2,0.5,balanced
@MrTimy06,1,1,2,0.5,balanced
@suspendedTeacher,1,1,2,0.5,balanced
@toughenupfluffy7294,1,1,2,0.5,balanced
@CrusaderSports250,1,1,2,0.5,balanced
@FactsMatterRoman,1,1,2,0.5,balanced
@Feral-j8l,1,1,2,0.5,balanced
@Cloudscryactualtears,1,1,2,0.5,balanced
@GOSOPRO,1,1,2,0.5,balanced
@Chris.Davies,1,1,2,0.5,balanced
@Gabriele-wolfsong,1,1,2,0.5,balanced
@tedclapham4833,1,1,2,0.5,balanced
@Dark__Thoughts,1,1,2,0.5,balanced
@Charlesincharge42,1,1,2,0.5,balanced
@tediousmaximus1067,1,1,2,0.5,balanced
@therealthreadkilla,1,1,2,0.5,balanced
@Dm-dk9zp,1,1,2,0.5,balanced
@theodavies8754,1,1,2,0.5,balanced
@DeltaElites,1,1,2,0.5,balanced
@Davidsavage8008,1,1,2,0.5,balanced
@thegoat-ishere4414,1,1,2,0.5,balanced
@DavidSiegelVision,1,1,2,0.5,balanced
@Doc_Holiday,1,1,2,0.5,balanced
@thedivide9559,1,1,2,0.5,balanced
@DoubleDogDare54,1,1,2,0.5,balanced
@DreamstateOne,1,1,2,0.5,balanced
@thulyblu5486,1,1,2,0.5,balanced
@thumbs4fingers,1,1,2,0.5,balanced
@DarkmanRides,1,1,2,0.5,balanced
@EdmacZ,1,1,2,0.5,balanced
@tenzinnordron9836,1,1,2,0.5,balanced
@Elrond_Hubbard_1,1,1,2,0.5,balanced
@GayestWinston,1,1,2,0.5,balanced
@stevetaylor8298,1,1,2,0.5,balanced
@JoeBlowUK,1,1,2,0.5,balanced
@BlazinRiver1,1,1,2,0.5,balanced
@socratesDude,1,1,2,0.5,balanced
@smythe7480,1,1,2,0.5,balanced
@Direblade11,1,1,2,0.5,balanced
@slayerofthebuzz1,1,1,2,0.5,balanced
@Idealist_Metaphor,1,1,2,0.5,balanced
@Incomudro1963,1,1,2,0.5,balanced
@BabliMishra-z7t,1,1,2,0.5,balanced
@wandameadows5736,1,1,2,0.5,balanced
@IowaKim,1,1,2,0.5,balanced
@J.5.M.,1,1,2,0.5,balanced
@JAG8691,1,1,2,0.5,balanced
@wanton1234,1,1,2,0.5,balanced
@shipwreck9146,1,1,2,0.5,balanced
@JPryhs,1,1,2,0.5,balanced
@shawnpatrick4703,1,1,2,0.5,balanced
@Appleblade,1,1,2,0.5,balanced
@JasonSpann-nk1nk,1,1,2,0.5,balanced
@BigGuy8059,1,1,2,0.5,balanced
@somethingelse9228,1,1,2,0.5,balanced
@stevep5408,1,1,2,0.5,balanced
@soscilogical1904,1,1,2,0.5,balanced
@truthseeker1702,1,1,2,0.5,balanced
@CaowmsuehNaowmsus,1,1,2,0.5,balanced
@stevendoty9408,1,1,2,0.5,balanced
@C.Fecteau-AU-MJ13,1,1,2,0.5,balanced
@GraveUypo,1,1,2,0.5,balanced
@GreyDeathVaccine,1,1,2,0.5,balanced
@Grillenheimer,1,1,2,0.5,balanced
@stebarg,1,1,2,0.5,balanced
@HIFLY01,1,1,2,0.5,balanced
@stansman5461,1,1,2,0.5,balanced
@ssuwandi3240,1,1,2,0.5,balanced
@Britishshooter,1,1,2,0.5,balanced
@Bristecom,1,1,2,0.5,balanced
@HeliaDasneves,1,1,2,0.5,balanced
@vanessac1965,1,1,2,0.5,balanced
@vask92,1,1,2,0.5,balanced
@vectoreyes,1,1,2,0.5,balanced
@smallstudiodesign,1,1,2,0.5,balanced
@guy-sl3kr,1,1,2,0.5,balanced
@rebeccaainslie4637,1,1,2,0.5,balanced
@kated3165,1,1,2,0.5,balanced
@chrisdoe6890,1,1,2,0.5,balanced
@chrish5791,1,1,2,0.5,balanced
@citizenschallengeYT,1,1,2,0.5,balanced
@cliffcraig5594,1,1,2,0.5,balanced
@clintsanderson6019,1,1,2,0.5,balanced
@copiedoffme,1,1,2,0.5,balanced
@josephmclennan1229,1,1,2,0.5,balanced
@josephbelisle5792,1,1,2,0.5,balanced
@johnwright6706,1,1,2,0.5,balanced
@daebak7370,1,1,2,0.5,balanced
@johnpetrakis379,1,1,2,0.5,balanced
@danielareid1200,1,1,2,0.5,balanced
@danielhutchinson6604,1,1,2,0.5,balanced
@johngrajczyk2255,1,1,2,0.5,balanced
@dannyboywhaa3146,1,1,2,0.5,balanced
@johngalt97,1,1,2,0.5,balanced
@danstephensen9032,1,1,2,0.5,balanced
@davefield8100,1,1,2,0.5,balanced
@johndelong5574,1,1,2,0.5,balanced
@johncahill3644,1,1,2,0.5,balanced
@johnbraunschweig,1,1,2,0.5,balanced
@davitdavid7165,1,1,2,0.5,balanced
@johannesswillery7855,1,1,2,0.5,balanced
@chrisbraid2907,1,1,2,0.5,balanced
@charltonblake9967,1,1,2,0.5,balanced
@deenfurgsz6806,1,1,2,0.5,balanced
@charlesaanonson3954,1,1,2,0.5,balanced
@leftcoaster67,1,1,2,0.5,balanced
@bogbel1,1,1,2,0.5,balanced
@boggless2771,1,1,2,0.5,balanced
@latehakala5407,1,1,2,0.5,balanced
@larspetry4640,1,1,2,0.5,balanced
@bongoib,1,1,2,0.5,balanced
@bosh6604,1,1,2,0.5,balanced
@bradzimmerman3171,1,1,2,0.5,balanced
@kosatochca,1,1,2,0.5,balanced
@kofi3124,1,1,2,0.5,balanced
@braxtondamico3599,1,1,2,0.5,balanced
@briansprock2248,1,1,2,0.5,balanced
@btcmoneydude,1,1,2,0.5,balanced
@kiwitrainguy,1,1,2,0.5,balanced
@capitalallocator,1,1,2,0.5,balanced
@captainjack5529,1,1,2,0.5,balanced
@khoih2623,1,1,2,0.5,balanced
@carl_in_denial,1,1,2,0.5,balanced
@kevinburke8608,1,1,2,0.5,balanced
@carlodave9,1,1,2,0.5,balanced
@cerealkiller4248,1,1,2,0.5,balanced
@kendrajohnson6535,1,1,2,0.5,balanced
@kbkesq,1,1,2,0.5,balanced
@deal2live,1,1,2,0.5,balanced
@dennislaughton1676,1,1,2,0.5,balanced
@reahs4815,1,1,2,0.5,balanced
@jameseldridge3445,1,1,2,0.5,balanced
@jamesblair9614,1,1,2,0.5,balanced
@jackmewhalle6937,1,1,2,0.5,balanced
@gabor6259,1,1,2,0.5,balanced
@garethjudd5840,1,1,2,0.5,balanced
@garreysellars5525,1,1,2,0.5,balanced
@iworkout6912,1,1,2,0.5,balanced
@intreoo,1,1,2,0.5,balanced
@gdemorest7942,1,1,2,0.5,balanced
@geob8172,1,1,2,0.5,balanced
@ians.339,1,1,2,0.5,balanced
@geoffreywilliams9324,1,1,2,0.5,balanced
@georgelet4132,1,1,2,0.5,balanced
@hummarstraful,1,1,2,0.5,balanced
@hugohabicht9957,1,1,2,0.5,balanced
@georgemallory797,1,1,2,0.5,balanced
@history6988,1,1,2,0.5,balanced
@giorgiocooper9023,1,1,2,0.5,balanced
@goclimbsomething,1,1,2,0.5,balanced
@henrykid1393,1,1,2,0.5,balanced
@hellavadeal,1,1,2,0.5,balanced
@gordtron,1,1,2,0.5,balanced
@grahamhodge8313,1,1,2,0.5,balanced
@halholland1637,1,1,2,0.5,balanced
@fractalnomics,1,1,2,0.5,balanced
@fisharepeopletoo9653,1,1,2,0.5,balanced
@depwise1154,1,1,2,0.5,balanced
@firebush1343,1,1,2,0.5,balanced
@jitteryjet7525,1,1,2,0.5,balanced
@der_flabber_gast,1,1,2,0.5,balanced
@deremjool8043,1,1,2,0.5,balanced
@donovanjones4175,1,1,2,0.5,balanced
@drjojo5551,1,1,2,0.5,balanced
@earthling_parth,1,1,2,0.5,balanced
@jfhoward8264,1,1,2,0.5,balanced
@eclipsenow5431,1,1,2,0.5,balanced
@jenwendy7,1,1,2,0.5,balanced
@edg8535,1,1,2,0.5,balanced
@jeanbrown8295,1,1,2,0.5,balanced
@edwardcuevas6974,1,1,2,0.5,balanced
@egongefferie9194,1,1,2,0.5,balanced
@jaypuck6912,1,1,2,0.5,balanced
@erth2man,1,1,2,0.5,balanced
@jasonking1284,1,1,2,0.5,balanced
@japi425,1,1,2,0.5,balanced
@fallinginthed33p,1,1,2,0.5,balanced
@fionahobbs8818,1,1,2,0.5,balanced
@jameswest4819,1,1,2,0.5,balanced
@jamesrust6496,1,1,2,0.5,balanced
@jamesruscheinski8602,1,1,2,0.5,balanced
@jameskulevich8907,1,1,2,0.5,balanced
@bobwhite9670,1,1,2,0.5,balanced
@lesmoore3638,1,1,2,0.5,balanced
@blauwachtig,1,1,2,0.5,balanced
@paulwatson1521,1,1,2,0.5,balanced
@Sjalabais,1,1,2,0.5,balanced
@Socrates-I,1,1,2,0.5,balanced
@paradigmbuster,1,1,2,0.5,balanced
@pacalvotan3380,1,1,2,0.5,balanced
@StarwaterCWS,1,1,2,0.5,balanced
@orangenostril,1,1,2,0.5,balanced
@StuckOnEarthForNow,1,1,2,0.5,balanced
@Subjagator,1,1,2,0.5,balanced
@Supermariocrosser,1,1,2,0.5,balanced
@SusannaSaunders,1,1,2,0.5,balanced
@guillermoelnino,1,1,2,0.5,balanced
@SyNcLife,1,1,2,0.5,balanced
@occultpriestess,1,1,2,0.5,balanced
@T1hitsTheHighestNote,1,1,2,0.5,balanced
@nzuckman,1,1,2,0.5,balanced
@Taxtherich2,1,1,2,0.5,balanced
@The4Crawler,1,1,2,0.5,balanced
@TheHunterGracchus,1,1,2,0.5,balanced
@ThePmfatima,1,1,2,0.5,balanced
@TheSulross,1,1,2,0.5,balanced
@noahi.1381,1,1,2,0.5,balanced
@nirvanaurantian6834,1,1,2,0.5,balanced
@ninjabreadgirl,1,1,2,0.5,balanced
@paullongley1221,1,1,2,0.5,balanced
@paulwolf8444,1,1,2,0.5,balanced
@life_unfilt3red,1,1,2,0.5,balanced
@Shimamon27,1,1,2,0.5,balanced
@MsHojat,1,1,2,0.5,balanced
@raynaylor8602,1,1,2,0.5,balanced
@Msndfxbd,1,1,2,0.5,balanced
@ratillecebrasquedubitantiu4451,1,1,2,0.5,balanced
@randyrapaport2806,1,1,2,0.5,balanced
@NoinsMualy,1,1,2,0.5,balanced
@NwoDispatcher,1,1,2,0.5,balanced
@POOPGOD999,1,1,2,0.5,balanced
@PercivalBlakeney,1,1,2,0.5,balanced
@Pier-zl7gm,1,1,2,0.5,balanced
@PlatinumAltaria,1,1,2,0.5,balanced
@Popeye151,1,1,2,0.5,balanced
@RieCherie,1,1,2,0.5,balanced
@RyanDB,1,1,2,0.5,balanced
@Samael1113,1,1,2,0.5,balanced
@Sbiper,1,1,2,0.5,balanced
@petermathieson5692,1,1,2,0.5,balanced
@SeenfromSpace,1,1,2,0.5,balanced
@SergeZolty-k7y,1,1,2,0.5,balanced
@peterdollins3610,1,1,2,0.5,balanced
@SevenSixTwo2012,1,1,2,0.5,balanced
@peroleable,1,1,2,0.5,balanced
@ShaneNull,1,1,2,0.5,balanced
@The_Kman,1,1,2,0.5,balanced
@Tm-eg2lx,1,1,2,0.5,balanced
@Tman76,1,1,2,0.5,balanced
@Tony-kq6py,1,1,2,0.5,balanced
@marvenlunn6086,1,1,2,0.5,balanced
@aprildawnsunshine4326,1,1,2,0.5,balanced
@aquamarineagate,1,1,2,0.5,balanced
@armandot9137,1,1,2,0.5,balanced
@artbird1111,1,1,2,0.5,balanced
@asraiSOA,1,1,2,0.5,balanced
@astronautical1082,1,1,2,0.5,balanced
@markfox1545,1,1,2,0.5,balanced
@austinhernandez2716,1,1,2,0.5,balanced
@manuel_ao,1,1,2,0.5,balanced
@makingd.o.123,1,1,2,0.5,balanced
@beezybeez24,1,1,2,0.5,balanced
@bensas42,1,1,2,0.5,balanced
@maccasnz3436,1,1,2,0.5,balanced
@m--e,1,1,2,0.5,balanced
@lukekent9687,1,1,2,0.5,balanced
@bernardqblack,1,1,2,0.5,balanced
@lozoft9,1,1,2,0.5,balanced
@louisbarbisan8471,1,1,2,0.5,balanced
@billbogg3857,1,1,2,0.5,balanced
@lolololol7573,1,1,2,0.5,balanced
@lmcwill0502,1,1,2,0.5,balanced
@bl8388,1,1,2,0.5,balanced
@anguspure,1,1,2,0.5,balanced
@andycordy5190,1,1,2,0.5,balanced
@andrewditton7226,1,1,2,0.5,balanced
@mpearce820,1,1,2,0.5,balanced
@navylaks2,1,1,2,0.5,balanced
@nathanm.8823,1,1,2,0.5,balanced
@TriNguyen-wg5np,1,1,2,0.5,balanced
@mystuff9999,1,1,2,0.5,balanced
@myplan8166,1,1,2,0.5,balanced
@TristanSharman,1,1,2,0.5,balanced
@Tubetrolll,1,1,2,0.5,balanced
@mwhearn1,1,1,2,0.5,balanced
@UShistorymatters,1,1,2,0.5,balanced
@muriloamorim2731,1,1,2,0.5,balanced
@monkfishmondfinsternis3162,1,1,2,0.5,balanced
@anandsharma7430,1,1,2,0.5,balanced
@mirandelf,1,1,2,0.5,balanced
@mikemarkowski7609,1,1,2,0.5,balanced
@Want0nS0up,1,1,2,0.5,balanced
@mikeelliott9067,1,1,2,0.5,balanced
@midbrew,1,1,2,0.5,balanced
@abcd-z12,1,1,2,0.5,balanced
@akmurf7429,1,1,2,0.5,balanced
@michaelcunningham2165,1,1,2,0.5,balanced
@michaelcap9550,1,1,2,0.5,balanced
@alexwilsonpottery3733,1,1,2,0.5,balanced
@engineerinAhickorystripehat,1,1,2,0.5,balanced
